mean_negative_RMSE,rank_cv_score,n_neighbors
-0.6984427354773788,1,16
-0.6995469251287616,2,11
-0.7000657574722895,3,6
-0.7020856633840207,4,21
-0.7024079190059858,5,26
-0.7033040510688223,6,31
-0.7035746057048554,7,36
-0.703595652696677,8,41
-0.7041832133479582,9,46
-0.7907264761129535,10,1
