mean_test_score,rank_test_score,n_neighbors
0.35954810217569594,1,6
0.3562038710945532,2,11
0.3530540813929776,3,16
0.3505441649666536,4,21
0.3458853858826207,5,26
0.34454755467780335,6,41
0.34435913370428367,7,31
0.34345918213086735,8,36
0.34179578357701396,9,46
0.14012131995232255,10,1
