mean_train_negative_RMSE,mean_validation_negative_RMSE,rank_cv_score,n_neighbors
0.6385544186370629,0.7001338738131535,1,11
0.5878356920379401,0.7009268140460836,2,6
0.6614694780620979,0.702720102616072,3,16
0.6720154580434311,0.7030415083873267,4,21
0.6801985813545253,0.7043940528323417,5,26
0.6859478356600922,0.7060558136119592,6,31
0.6920928138788467,0.707737065344464,7,41
0.6890742531863242,0.7077626333274022,8,36
0.6942773234534116,0.7089153726930482,9,46
-0.0,0.8089598316579741,10,1
