Model,RMSE on train set
dummy_regressor,0.8681586870871519
Ridge_regressor,0.7283789241300375
K-nn_Regressor,0.6501419164282654
