Model,RMSE on train set
dummy_regressor,0.8759217239005768
Ridge_regressor,0.735351218651957
K-nn_Regressor,0.6287209519449648
