mean_test_score,rank_test_score,alpha
0.2851860766200539,1,10.0
0.28477593160562603,2,1.0
0.2847137466376629,3,0.1
0.28470726067445495,4,0.01
0.2847066093352834,5,0.001
0.2843663532209247,6,100.0
0.26839959759882837,7,1000.0
