mean_negative_RMSE,rank_cv_score,alpha
-0.7355299552824826,1,10.0
-0.735660154521359,2,1.0
-0.7356812387974292,3,0.1
-0.7356834490504419,4,0.01
-0.7356836711198195,5,0.001
-0.7360786321375692,6,100.0
-0.744713528605117,7,1000.0
