mean_train_negative_RMSE,mean_validation_negative_RMSE,rank_cv_score,alpha
0.7351357047919982,0.7373929802940431,1,10.0
0.7350913651907713,0.7374280150793523,2,1.0
0.7350908041128043,0.737437665580879,3,0.1
0.7350907983582124,0.7374387099100933,4,0.01
0.7350907983005196,0.7374388151577321,5,0.001
0.7362020497065699,0.7382305894301007,6,100.0
0.7450139168142198,0.7465256953509012,7,1000.0
